                  epoch,         train/box_loss,         train/cls_loss,         train/dfl_loss,   metrics/precision(B),      metrics/recall(B),       metrics/mAP50(B),    metrics/mAP50-95(B),           val/box_loss,           val/cls_loss,           val/dfl_loss,                 lr/pg0,                 lr/pg1,                 lr/pg2
                      1,                 1.4987,                 3.6023,                 1.2673,                0.00362,                0.88372,                0.66381,                 0.3642,                0.82041,                 3.0749,                0.88391,                0.00028,                0.00028,                0.00028
                      2,                 1.2481,                 2.0321,                 1.0406,                0.00362,                0.88372,                0.39199,                0.21639,                0.92611,                 3.2628,                0.98126,             0.00057809,             0.00057809,             0.00057809
                      3,                 1.2862,                  1.805,                 1.0498,                      1,                0.14492,                0.48924,                0.35049,                 1.0301,                 3.1532,                0.96393,             0.00087419,             0.00087419,             0.00087419
                      4,                 1.3506,                 1.8173,                 1.0696,                0.98095,                0.25581,                0.50873,                0.34713,                 1.0607,                 2.8241,                 1.0645,              0.0011683,              0.0011683,              0.0011683
                      5,                 1.3038,                  1.625,                 1.0893,                0.48964,                0.37209,                0.33547,                0.19389,                 1.2121,                 2.5307,                 1.0884,              0.0014605,              0.0014605,              0.0014605
                      6,                 1.3073,                 1.6247,                 1.0985,                0.65223,                0.27907,                0.37308,                 0.2586,                 1.1469,                 2.2681,                 1.0711,              0.0017506,              0.0017506,              0.0017506
                      7,                  1.401,                 1.5695,                 1.1076,                 0.9117,                0.44186,                0.56687,                  0.387,                 1.1427,                 1.8911,                 1.0497,              0.0019604,              0.0019604,              0.0019604
                      8,                 1.2145,                 1.5114,                 1.0528,                0.57079,                0.32558,                0.32313,                 0.2093,                  1.191,                 3.6757,                 1.0905,              0.0019538,              0.0019538,              0.0019538
                      9,                 1.3275,                 1.3867,                 1.0834,                0.35287,                0.16279,                0.15709,                0.08473,                 1.1667,                 3.5232,                 1.0615,              0.0019472,              0.0019472,              0.0019472
                     10,                 1.2797,                 1.2743,                  1.071,                0.16068,                0.25581,                0.11369,                0.08168,                 1.1609,                 3.9481,                 1.0264,              0.0019406,              0.0019406,              0.0019406
                     11,                 1.2474,                 1.2106,                 1.0727,                0.80031,                0.65116,                0.71674,                0.41315,                 1.5167,                 1.7328,                 1.2585,               0.001934,               0.001934,               0.001934
                     12,                 1.2973,                 1.2318,                 1.0966,                0.88714,                0.55814,                0.67731,                0.45705,                 1.1249,                 1.4855,                 1.0847,              0.0019274,              0.0019274,              0.0019274
                     13,                 1.2152,                 1.0889,                 1.0753,                0.65108,                0.56425,                0.59885,                0.39512,                 1.2957,                  1.883,                 1.1255,              0.0019208,              0.0019208,              0.0019208
                     14,                 1.2267,                 1.1003,                 1.0556,                0.29091,                0.55814,                 0.2762,                0.18403,                 1.1203,                 3.4919,                 1.0289,              0.0019142,              0.0019142,              0.0019142
                     15,                 1.2855,                 1.1274,                 1.0755,                0.82209,                0.62791,                0.71158,                0.48798,                 1.1435,                 1.5834,                 1.0772,              0.0019076,              0.0019076,              0.0019076
                     16,                 1.2443,                 1.0689,                 1.0493,                0.85067,                 0.7907,                 0.8401,                0.56968,                0.97011,                 1.0769,                 1.0045,               0.001901,               0.001901,               0.001901
                     17,                 1.1776,                  0.994,                 1.0375,                      1,                0.76575,                0.85561,                0.53584,                 1.2957,                 1.2022,                 1.1118,              0.0018944,              0.0018944,              0.0018944
                     18,                 1.2301,                0.93007,                 1.0693,                0.91526,                0.83721,                0.88898,                0.59095,                  1.345,                0.93972,                 1.1882,              0.0018878,              0.0018878,              0.0018878
                     19,                 1.1225,                0.91934,                  1.009,                0.88817,                 0.7389,                0.82157,                0.52451,                0.95667,                 1.0026,                0.95421,              0.0018812,              0.0018812,              0.0018812
                     20,                 1.2421,                0.97703,                 1.0494,                0.88866,                 0.7907,                0.81971,                0.49272,                 1.3408,                0.87378,                 1.1573,              0.0018746,              0.0018746,              0.0018746
                     21,                 1.1784,                0.92186,                 1.0381,                0.89305,                0.90698,                0.92528,                0.62672,                0.88688,                0.77497,                0.95842,               0.001868,               0.001868,               0.001868
                     22,                 1.1934,                 0.8925,                 1.0327,                0.92408,                0.76744,                0.86931,                0.59295,                0.98702,                0.86573,                0.98185,              0.0018614,              0.0018614,              0.0018614
                     23,                 1.1091,                0.85974,                 1.0082,                 0.9058,                0.83721,                0.88079,                0.60618,                0.85436,                0.81283,                0.93683,              0.0018548,              0.0018548,              0.0018548
                     24,                 1.1094,                0.83089,                 1.0093,                 0.8797,                0.85047,                0.90967,                0.64706,                 1.0658,                0.80601,                0.98673,              0.0018482,              0.0018482,              0.0018482
                     25,                 1.0932,                  0.855,                 1.0003,                      1,                0.71115,                0.86623,                0.57111,                 1.0897,                 0.9416,                 1.0205,              0.0018416,              0.0018416,              0.0018416
                     26,                 1.0703,                0.80439,                0.99489,                0.91953,                0.79731,                0.86274,                0.58654,                0.93202,                0.76594,                 1.0051,               0.001835,               0.001835,               0.001835
                     27,                 1.1134,                0.84695,                 1.0148,                0.94656,                0.81395,                0.86229,                0.54842,                 1.0516,                 1.0175,                 1.0429,              0.0018284,              0.0018284,              0.0018284
                     28,                 1.1415,                0.79367,                0.98413,                 0.8951,                0.79379,                0.88978,                0.56289,                0.92024,                0.74876,                 0.9524,              0.0018218,              0.0018218,              0.0018218
                     29,                 1.1202,                0.79624,                 1.0006,                0.96963,                0.83721,                0.93664,                0.61699,                   1.24,                 0.7642,                  1.014,              0.0018152,              0.0018152,              0.0018152
                     30,                 1.0228,                0.74278,                0.97219,                0.92634,                0.87746,                0.93191,                0.62271,                0.92609,                0.67711,                0.93831,              0.0018086,              0.0018086,              0.0018086
                     31,                 1.0636,                0.78316,                0.96947,                0.92074,                0.83721,                0.93796,                0.66045,                  1.055,                0.69283,                0.98311,               0.001802,               0.001802,               0.001802
                     32,                 1.0934,                0.74064,                0.98668,                0.94846,                0.85598,                0.91775,                0.63772,                0.89643,                0.73862,                0.92604,              0.0017954,              0.0017954,              0.0017954
                     33,                  1.089,                0.77572,                0.99715,                0.94286,                0.81395,                0.91948,                0.61765,                0.96488,                0.70183,                0.93941,              0.0017888,              0.0017888,              0.0017888
                     34,                   1.05,                0.75742,                0.97577,                 0.9457,                0.81009,                  0.869,                0.61642,                 1.0111,                0.84526,                0.96613,              0.0017822,              0.0017822,              0.0017822
                     35,                 1.0277,                0.72869,                0.96922,                0.89513,                0.76744,                0.89318,                0.60505,                0.92444,                0.74129,                0.92875,              0.0017756,              0.0017756,              0.0017756
                     36,                 1.0121,                 0.7278,                0.96794,                0.92286,                0.83476,                0.93962,                0.60751,                 1.1527,                0.69071,                0.96904,               0.001769,               0.001769,               0.001769
                     37,                 1.0445,                0.74012,                0.97766,                0.85685,                0.83522,                0.91252,                0.62897,                0.87709,                0.65005,                0.92417,              0.0017624,              0.0017624,              0.0017624
                     38,                  1.103,                0.75934,                0.97913,                0.85306,                0.83721,                0.88844,                0.59931,                 1.2403,                0.78561,                 1.0066,              0.0017558,              0.0017558,              0.0017558
                     39,                 1.0876,                0.74996,                0.98163,                0.97257,                0.82463,                0.90963,                0.64302,                 0.9117,                0.64681,                0.92829,              0.0017492,              0.0017492,              0.0017492
                     40,                 1.0308,                0.70458,                0.95627,                0.88139,                0.86417,                0.95055,                0.65085,                0.97795,                0.66151,                0.95898,              0.0017426,              0.0017426,              0.0017426
                     41,                 1.0194,                0.69008,                 0.9771,                0.91378,                0.83721,                0.95016,                0.68484,                 0.8751,                0.62083,                0.91636,               0.001736,               0.001736,               0.001736
                     42,                0.98568,                0.65325,                 0.9529,                0.96164,                0.83721,                0.93112,                0.67806,                0.86049,                0.73739,                0.93467,              0.0017294,              0.0017294,              0.0017294
                     43,                 1.0217,                0.69372,                0.98696,                 0.9435,                0.77692,                0.87872,                0.64567,                0.89817,                0.76013,                0.96492,              0.0017228,              0.0017228,              0.0017228
                     44,                 1.0072,                0.67865,                0.96602,                0.90863,                0.76744,                0.87925,                0.61708,                 1.0136,                0.82359,                0.98922,              0.0017162,              0.0017162,              0.0017162
                     45,                 1.0427,                0.68851,                0.96592,                0.89481,                0.79132,                0.88917,                 0.6206,                 1.0306,                0.73239,                0.97726,              0.0017096,              0.0017096,              0.0017096
                     46,                0.96465,                0.65686,                0.94093,                0.91648,                 0.7907,                 0.8935,                0.63581,                0.89414,                0.63391,                0.91259,               0.001703,               0.001703,               0.001703
                     47,                 1.0419,                0.67262,                0.94455,                0.98082,                0.83721,                0.92111,                0.62919,                0.86499,                0.63598,                0.91783,              0.0016964,              0.0016964,              0.0016964
                     48,                 1.0276,                0.69205,                 0.9652,                0.96668,                0.90698,                0.94557,                0.66257,                0.91535,                0.59362,                0.93456,              0.0016898,              0.0016898,              0.0016898
                     49,                  1.008,                0.65703,                0.94906,                0.99097,                0.88372,                0.91858,                0.64178,                0.94677,                 0.6675,                0.93263,              0.0016832,              0.0016832,              0.0016832
                     50,                0.97934,                0.64265,                0.95621,                0.97316,                0.84324,                 0.9114,                0.62157,                0.86649,                0.76511,                0.91147,              0.0016766,              0.0016766,              0.0016766
                     51,                 1.0036,                0.72237,                0.96317,                0.94047,                0.86047,                0.92094,                0.64559,                0.97344,                0.68034,                0.94462,                0.00167,                0.00167,                0.00167
                     52,                 0.9714,                0.64603,                0.94169,                 0.9464,                0.81395,                0.92396,                0.62765,                0.93591,                0.72661,                0.94025,              0.0016634,              0.0016634,              0.0016634
                     53,                 1.0131,                 0.6543,                 0.9486,                0.83695,                0.86047,                0.86679,                0.63075,                0.92859,                0.95149,                0.92203,              0.0016568,              0.0016568,              0.0016568
                     54,                 1.0137,                0.64043,                0.98052,                0.89408,                0.83721,                0.88131,                0.64324,                0.87356,                0.71047,                0.91196,              0.0016502,              0.0016502,              0.0016502
                     55,                0.95394,                 0.6392,                0.94989,                0.94716,                0.83374,                0.91467,                0.63899,                0.96697,                0.69369,                0.94779,              0.0016436,              0.0016436,              0.0016436
                     56,                0.92099,                0.62305,                 0.9449,                0.92378,                0.86047,                 0.9318,                0.66396,                0.96388,                0.61478,                 0.9192,               0.001637,               0.001637,               0.001637
                     57,                0.91264,                0.60483,                0.94223,                      1,                0.83472,                0.92043,                0.68081,                0.89557,                0.67231,                0.91946,              0.0016304,              0.0016304,              0.0016304
                     58,                0.92005,                0.64177,                0.95417,                0.94744,                0.86047,                0.93238,                0.64848,                0.99835,                0.74233,                0.95035,              0.0016238,              0.0016238,              0.0016238
                     59,                0.92059,                0.61044,                0.92925,                0.92837,                0.81395,                0.89307,                0.65981,                  0.925,                0.77242,                0.91441,              0.0016172,              0.0016172,              0.0016172
                     60,                0.96259,                0.64355,                 0.9816,                0.86036,                0.88372,                 0.8929,                0.64808,                0.93262,                0.73727,                0.92922,              0.0016106,              0.0016106,              0.0016106
                     61,                 0.9115,                0.65459,                0.96035,                0.94854,                0.85738,                0.90872,                0.66179,                 0.9503,                0.75189,                0.94318,               0.001604,               0.001604,               0.001604
                     62,                0.93079,                 0.6599,                0.96387,                0.94322,                0.83721,                0.88664,                0.60496,                 1.4259,                0.73996,                  1.193,              0.0015974,              0.0015974,              0.0015974
                     63,                0.92462,                0.59768,                0.91692,                0.98965,                0.83721,                0.94345,                0.62372,                 1.3277,                0.80173,                 1.1583,              0.0015908,              0.0015908,              0.0015908
                     64,                 0.9075,                0.60374,                0.91272,                0.90078,                0.93023,                0.94296,                0.65228,                0.92437,                0.75523,                0.91473,              0.0015842,              0.0015842,              0.0015842
                     65,                0.89916,                0.62596,                0.93996,                0.90119,                0.88372,                 0.9366,                0.62767,                 1.0153,                0.62429,                0.93731,              0.0015776,              0.0015776,              0.0015776
                     66,                 0.9444,                0.59806,                0.93713,                0.97488,                0.90276,                0.94949,                0.62777,                0.96428,                 0.6106,                0.94628,               0.001571,               0.001571,               0.001571
                     67,                 0.9332,                0.58346,                0.93244,                0.83017,                0.88372,                0.91182,                0.66442,                0.89222,                0.65645,                0.93219,              0.0015644,              0.0015644,              0.0015644
                     68,                0.86066,                0.56433,                 0.9198,                0.93946,                0.83721,                0.94492,                0.68231,                0.94886,                0.65598,                0.91856,              0.0015578,              0.0015578,              0.0015578
                     69,                0.88459,                0.56662,                0.90905,                0.88379,                 0.8843,                0.94626,                 0.6693,                0.94684,                0.64718,                0.92785,              0.0015512,              0.0015512,              0.0015512
                     70,                0.88624,                0.57934,                0.93266,                0.88149,                0.93023,                0.94881,                0.64563,                0.94472,                0.60997,                0.94807,              0.0015446,              0.0015446,              0.0015446
                     71,                0.87371,                0.56693,                0.91414,                0.87997,                0.93023,                0.94248,                0.67875,                 1.0533,                0.63363,                0.96335,               0.001538,               0.001538,               0.001538
                     72,                0.85922,                0.56964,                0.92096,                0.92303,                0.88372,                0.92752,                0.65433,                0.88103,                0.64338,                0.91533,              0.0015314,              0.0015314,              0.0015314
                     73,                0.84577,                0.59955,                0.92154,                0.97421,                0.87871,                0.91333,                0.62204,                0.89571,                0.67783,                0.91814,              0.0015248,              0.0015248,              0.0015248
                     74,                0.84171,                0.55544,                0.92128,                0.90099,                0.88372,                0.95975,                0.68861,                 1.0269,                0.65108,                0.95964,              0.0015182,              0.0015182,              0.0015182
                     75,                0.89814,                0.59312,                0.92339,                0.87226,                0.90698,                0.96102,                0.65513,                0.99865,                0.61904,                0.95663,              0.0015116,              0.0015116,              0.0015116
                     76,                0.83166,                0.55883,                0.90462,                0.84769,                0.90604,                0.93844,                0.66497,                0.96904,                0.67018,                0.93286,               0.001505,               0.001505,               0.001505
                     77,                0.82901,                 0.5608,                0.92669,                0.84054,                0.88372,                0.90392,                0.62962,                0.99003,                0.63145,                0.96571,              0.0014984,              0.0014984,              0.0014984
                     78,                 0.8504,                0.57524,                0.92614,                0.89617,                0.86047,                0.91989,                0.65858,                0.84344,                0.58718,                0.91287,              0.0014918,              0.0014918,              0.0014918
                     79,                0.87094,                 0.5681,                0.91284,                0.97267,                 0.8279,                0.90675,                0.65171,                0.86235,                0.63139,                0.90615,              0.0014852,              0.0014852,              0.0014852
                     80,                 0.8946,                 0.5788,                0.93281,                0.94481,                0.79643,                0.90802,                0.65041,                0.95503,                0.70489,                0.98539,              0.0014786,              0.0014786,              0.0014786
                     81,                0.86296,                0.57196,                0.92088,                      1,                0.80837,                0.93416,                 0.6815,                0.83879,                0.60925,                0.90115,               0.001472,               0.001472,               0.001472
                     82,                0.83834,                0.55997,                0.91823,                 0.9747,                0.90698,                0.95813,                0.69238,                0.87501,                0.56848,                0.91873,              0.0014654,              0.0014654,              0.0014654
                     83,                0.90794,                0.57458,                0.91573,                0.88811,                0.95349,                0.95492,                0.70589,                0.85543,                0.55438,                0.91676,              0.0014588,              0.0014588,              0.0014588
                     84,                 0.8372,                0.53576,                0.91504,                 0.9669,                0.83721,                0.93956,                0.67986,                0.86312,                0.58004,                0.91767,              0.0014522,              0.0014522,              0.0014522
                     85,                0.85196,                0.54762,                0.91829,                0.97281,                0.83211,                0.92132,                0.68912,                0.87418,                0.62181,                0.91284,              0.0014456,              0.0014456,              0.0014456
                     86,                0.82977,                0.53375,                0.90887,                0.91706,                0.86047,                 0.9091,                0.66919,                0.96173,                0.60728,                0.96783,               0.001439,               0.001439,               0.001439
                     87,                0.84023,                0.52826,                 0.9066,                0.94862,                0.85882,                0.91102,                0.64616,                 1.0801,                0.66028,                 1.0238,              0.0014324,              0.0014324,              0.0014324
                     88,                0.82698,                 0.5326,                0.90409,                0.97217,                0.86047,                0.93286,                0.68766,                0.93045,                0.55981,                0.95313,              0.0014258,              0.0014258,              0.0014258
                     89,                0.80309,                0.51927,                0.90558,                0.97362,                0.85827,                0.93803,                0.65235,                  1.021,                0.56072,                0.96344,              0.0014192,              0.0014192,              0.0014192
                     90,                0.80561,                0.52517,                0.90113,                0.96646,                0.83721,                0.93419,                0.66651,                0.95049,                0.59724,                0.94081,              0.0014126,              0.0014126,              0.0014126
                     91,                0.85486,                0.54794,                0.93139,                0.93497,                0.81395,                 0.9074,                0.69216,                0.95964,                0.72987,                 0.9251,               0.001406,               0.001406,               0.001406
                     92,                0.84704,                0.54903,                0.90837,                0.96042,                0.81395,                0.91482,                0.66477,                0.87354,                0.61546,                0.90352,              0.0013994,              0.0013994,              0.0013994
                     93,                0.82196,                0.52636,                0.89709,                0.96521,                0.81395,                0.92499,                0.66249,                 1.0075,                0.60784,                0.92206,              0.0013928,              0.0013928,              0.0013928
                     94,                0.89413,                0.55418,                0.91862,                0.96393,                0.86047,                0.94409,                0.68694,                0.86866,                 0.5566,                0.89708,              0.0013862,              0.0013862,              0.0013862
                     95,                0.81091,                0.51298,                0.88315,                0.96697,                0.86047,                0.94555,                 0.6949,                0.89774,                0.52405,                0.92127,              0.0013796,              0.0013796,              0.0013796
                     96,                 0.8162,                0.51623,                0.90431,                0.90626,                0.90698,                0.94536,                0.69737,                 0.9827,                0.58036,                0.93696,               0.001373,               0.001373,               0.001373
                     97,                0.80573,                0.53784,                0.91181,                0.97027,                0.86047,                0.94189,                0.68258,                0.91048,                0.54787,                0.92034,              0.0013664,              0.0013664,              0.0013664
                     98,                 0.8105,                0.52339,                0.90148,                0.94451,                0.86047,                0.93239,                0.65409,                0.91457,                0.56179,                0.91604,              0.0013598,              0.0013598,              0.0013598
                     99,                0.78081,                0.50915,                0.91513,                0.96521,                0.88372,                0.94511,                0.66323,                 0.9575,                0.54015,                0.92062,              0.0013532,              0.0013532,              0.0013532
                    100,                0.80176,                0.53103,                0.90037,                0.94546,                0.88372,                0.92189,                0.66893,                0.89535,                0.62383,                0.91155,              0.0013466,              0.0013466,              0.0013466
                    101,                0.79322,                0.51321,                0.90393,                0.92677,                0.88302,                0.92979,                0.68012,                0.82446,                0.59857,                0.89717,                0.00134,                0.00134,                0.00134
                    102,                0.78119,                0.52209,                 0.9043,                0.97385,                0.83721,                0.94169,                0.67211,                0.85563,                0.57896,                0.91854,              0.0013334,              0.0013334,              0.0013334
                    103,                0.76407,                0.50917,                0.89093,                0.90683,                 0.9054,                 0.9358,                0.67607,                 0.8828,                0.63873,                0.91517,              0.0013268,              0.0013268,              0.0013268
                    104,                0.75036,                0.49678,                0.88212,                0.92049,                0.86047,                 0.9255,                 0.6572,                 1.0354,                0.64219,                0.95987,              0.0013202,              0.0013202,              0.0013202
                    105,                0.78881,                0.49684,                  0.901,                0.92675,                0.88266,                0.93253,                0.64331,                 1.0124,                0.58259,                0.95178,              0.0013136,              0.0013136,              0.0013136
                    106,                0.80361,                0.51969,                0.89236,                0.94805,                0.93023,                 0.9335,                 0.6677,                0.94645,                0.54473,                0.94056,               0.001307,               0.001307,               0.001307
                    107,                0.76011,                0.49307,                0.88167,                0.99967,                0.88372,                0.93513,                 0.6821,                0.93105,                0.54374,                0.94467,              0.0013004,              0.0013004,              0.0013004
                    108,                 0.7832,                0.50137,                0.90577,                0.97394,                0.90698,                0.94036,                0.63189,                0.90609,                 0.5617,                0.93943,              0.0012938,              0.0012938,              0.0012938
                    109,                0.83202,                0.53013,                0.90222,                0.94383,                0.88372,                0.94001,                0.64976,                 0.8963,                0.63865,                0.94801,              0.0012872,              0.0012872,              0.0012872
                    110,                0.79923,                 0.4994,                0.89341,                0.93683,                0.88372,                0.93621,                0.68835,                0.89736,                0.61957,                0.93507,              0.0012806,              0.0012806,              0.0012806
                    111,                0.74907,                0.47474,                0.90318,                0.90432,                0.87934,                 0.9398,                 0.6798,                0.90021,                0.61544,                0.91868,               0.001274,               0.001274,               0.001274
                    112,                0.80254,                0.51463,                0.91204,                0.90502,                0.88643,                  0.945,                0.66476,                0.98802,                0.56219,                0.92772,              0.0012674,              0.0012674,              0.0012674
                    113,                0.77376,                0.48848,                0.90201,                0.97487,                 0.9021,                 0.9578,                0.65898,                 1.0043,                0.60041,                0.92188,              0.0012608,              0.0012608,              0.0012608
                    114,                0.76827,                0.52231,                0.89365,                 0.9761,                0.94995,                0.96418,                0.68238,                0.93791,                 0.5932,                0.90512,              0.0012542,              0.0012542,              0.0012542
                    115,                0.78121,                0.47919,                0.89003,                0.93567,                0.90698,                0.95105,                0.67195,                0.99292,                0.59825,                0.92411,              0.0012476,              0.0012476,              0.0012476
                    116,                0.78934,                0.48152,                0.89363,                 0.9983,                0.93023,                0.94595,                 0.6585,                 1.0136,                0.61943,                0.93525,               0.001241,               0.001241,               0.001241
                    117,                0.76033,                0.49594,                 0.8818,                0.92103,                0.93023,                0.93703,                0.67033,                 0.9339,                0.59934,                0.91382,              0.0012344,              0.0012344,              0.0012344
                    118,                0.79524,                0.49362,                0.89462,                0.94881,                0.90698,                0.94061,                0.67091,                0.96288,                0.61182,                0.92079,              0.0012278,              0.0012278,              0.0012278
                    119,                0.76497,                0.48954,                0.89454,                0.96852,                0.88372,                0.94224,                0.70817,                0.83726,                0.51426,                0.89178,              0.0012212,              0.0012212,              0.0012212
                    120,                 0.6885,                0.44157,                0.86777,                0.96829,                0.86047,                0.93481,                   0.69,                 0.8621,                0.52596,                0.89813,              0.0012146,              0.0012146,              0.0012146
                    121,                0.71699,                0.46688,                0.87105,                0.93825,                0.86047,                0.94255,                0.70729,                0.91139,                0.54547,                0.91141,               0.001208,               0.001208,               0.001208
                    122,                0.75729,                0.49931,                0.88647,                0.88047,                0.93023,                0.95975,                0.72636,                0.86449,                0.48058,                0.89244,              0.0012014,              0.0012014,              0.0012014
                    123,                 0.7421,                 0.5006,                0.87993,                0.97288,                0.83438,                0.94989,                0.66047,                 1.0065,                0.56509,                0.91384,              0.0011948,              0.0011948,              0.0011948
                    124,                0.73282,                0.47833,                  0.866,                0.96965,                0.86047,                0.93569,                0.68311,                0.87007,                0.48218,                0.90041,              0.0011882,              0.0011882,              0.0011882
                    125,                0.74696,                0.51085,                0.88414,                      1,                0.83562,                0.89758,                0.63647,                0.95749,                0.58899,                0.95186,              0.0011816,              0.0011816,              0.0011816
                    126,                0.71614,                0.47889,                0.88629,                0.96635,                 0.7907,                0.90494,                 0.6485,                0.90623,                0.58049,                0.92512,               0.001175,               0.001175,               0.001175
                    127,                 0.7695,                0.48555,                0.86958,                0.96905,                0.86047,                0.94286,                0.67004,                 0.9117,                0.57495,                0.93528,              0.0011684,              0.0011684,              0.0011684
                    128,                0.72166,                 0.4549,                 0.8657,                0.93943,                0.88372,                0.94029,                0.68104,                0.71287,                0.65081,                0.88455,              0.0011618,              0.0011618,              0.0011618
                    129,                0.73556,                0.48435,                0.89031,                0.95036,                0.89067,                0.94587,                0.70499,                0.91813,                0.67659,                0.91022,              0.0011552,              0.0011552,              0.0011552
                    130,                 0.7273,                0.45235,                0.88931,                0.92804,                0.89985,                0.94751,                0.68449,                0.86363,                0.53134,                 0.9193,              0.0011486,              0.0011486,              0.0011486
                    131,                0.69295,                0.44863,                0.87425,                0.97086,                0.83721,                 0.9461,                 0.6792,                0.93993,                0.53855,                0.93168,               0.001142,               0.001142,               0.001142
                    132,                0.69155,                0.45946,                0.87464,                 0.9736,                 0.8576,                 0.9445,                0.70712,                0.90879,                0.52062,                0.92263,              0.0011354,              0.0011354,              0.0011354
                    133,                0.68013,                0.44351,                0.87693,                0.93474,                0.88372,                0.93877,                0.68632,                0.89758,                0.51568,                0.91231,              0.0011288,              0.0011288,              0.0011288
                    134,                0.71937,                0.45847,                0.87658,                0.92147,                0.88372,                0.93756,                 0.6782,                0.93943,                0.55622,                0.91743,              0.0011222,              0.0011222,              0.0011222
                    135,                0.70683,                0.44919,                0.87749,                 0.9728,                 0.8317,                0.92899,                 0.6858,                0.84989,                0.58721,                0.89192,              0.0011156,              0.0011156,              0.0011156
                    136,                0.70147,                0.47864,                0.88343,                0.94798,                 0.8477,                0.96613,                0.70605,                0.93022,                0.50454,                0.90058,               0.001109,               0.001109,               0.001109
                    137,                0.69121,                0.46272,                0.88064,                0.87067,                0.93949,                0.97118,                0.69182,                0.90184,                0.47966,                0.89993,              0.0011024,              0.0011024,              0.0011024
                    138,                 0.7023,                0.46419,                0.88664,                0.97385,                 0.8662,                0.95708,                0.70702,                0.86747,                0.49954,                0.89854,              0.0010958,              0.0010958,              0.0010958
                    139,                0.73516,                0.47338,                0.88742,                0.99015,                0.83721,                0.94428,                0.69014,                0.90488,                0.53034,                 0.9098,              0.0010892,              0.0010892,              0.0010892
                    140,                0.65416,                0.43985,                0.86236,                0.94982,                0.88047,                0.94098,                0.68252,                0.76709,                0.49171,                 0.8825,              0.0010826,              0.0010826,              0.0010826
                    141,                0.66794,                0.45712,                0.86879,                0.94986,                0.88372,                0.94792,                0.67641,                0.86996,                0.49492,                0.89714,               0.001076,               0.001076,               0.001076
                    142,                0.70635,                0.45222,                0.87518,                0.92192,                0.88372,                0.95329,                0.65998,                 1.0176,                0.53003,                0.94158,              0.0010694,              0.0010694,              0.0010694
                    143,                0.72797,                0.46963,                0.87552,                0.99328,                 0.7907,                0.92909,                0.64422,                0.88824,                  0.539,                0.90647,              0.0010628,              0.0010628,              0.0010628
                    144,                  0.691,                0.44383,                0.88013,                0.90168,                0.85321,                0.93566,                0.65372,                0.83322,                0.56434,                0.90156,              0.0010562,              0.0010562,              0.0010562
                    145,                0.64852,                0.42195,                0.87118,                0.92457,                0.85525,                0.93089,                0.66615,                0.90917,                0.55133,                 0.9227,              0.0010496,              0.0010496,              0.0010496
                    146,                0.68566,                0.44137,                0.86902,                0.94336,                0.86047,                 0.9328,                0.67308,                0.90041,                  0.577,                0.93203,               0.001043,               0.001043,               0.001043
                    147,                0.68078,                 0.4367,                0.87041,                0.94944,                0.88372,                 0.9413,                0.67755,                0.91337,                0.56136,                0.92741,              0.0010364,              0.0010364,              0.0010364
                    148,                0.65514,                 0.4308,                0.86845,                0.95519,                0.90698,                0.95025,                0.69486,                0.85495,                0.53181,                0.89805,              0.0010298,              0.0010298,              0.0010298
                    149,                0.64716,                0.43107,                0.87464,                0.92855,                0.90676,                0.94275,                0.69642,                0.91869,                0.59868,                0.91259,              0.0010232,              0.0010232,              0.0010232
                    150,                0.64111,                0.43944,                0.86922,                0.87993,                0.93023,                0.94655,                0.70349,                0.89127,                0.55549,                0.89676,              0.0010166,              0.0010166,              0.0010166
                    151,                0.73838,                0.44845,                0.87563,                0.97295,                0.83647,                0.94434,                0.69531,                0.90465,                0.54004,                0.90093,                0.00101,                0.00101,                0.00101
                    152,                0.67215,                0.43727,                0.84541,                0.89996,                0.88372,                0.93812,                0.66724,                0.87072,                0.52893,                0.89879,              0.0010034,              0.0010034,              0.0010034
                    153,                0.68191,                0.43215,                0.86338,                0.92391,                0.86047,                0.95599,                0.68716,                0.87975,                0.49822,                0.89737,              0.0009968,              0.0009968,              0.0009968
                    154,                0.66267,                 0.4194,                0.85838,                0.89271,                0.88372,                0.94288,                0.67455,                0.97616,                0.53188,                0.92945,              0.0009902,              0.0009902,              0.0009902
                    155,                0.63613,                0.42147,                0.86552,                0.94722,                0.83477,                0.92973,                0.67008,                  0.981,                0.55498,                0.93368,              0.0009836,              0.0009836,              0.0009836
                    156,                0.64425,                0.41396,                0.86094,                0.89272,                0.88372,                0.92221,                0.65972,                0.95613,                 0.5522,                 0.9191,               0.000977,               0.000977,               0.000977
                    157,                0.65353,                0.42502,                0.87111,                0.94014,                0.90698,                 0.9184,                0.66895,                0.86066,                0.55413,                0.90567,              0.0009704,              0.0009704,              0.0009704
                    158,                0.65373,                0.44478,                0.86738,                0.93934,                0.88372,                0.92449,                0.66657,                0.97064,                 0.5912,                0.91968,              0.0009638,              0.0009638,              0.0009638
                    159,                0.66915,                0.43325,                0.84867,                 0.8687,                0.92329,                0.94502,                0.65705,                0.94278,                0.52122,                0.90953,              0.0009572,              0.0009572,              0.0009572
                    160,                 0.6523,                0.42096,                 0.8696,                0.94411,                0.88372,                0.94462,                0.66747,                 0.8981,                0.49826,                0.91241,              0.0009506,              0.0009506,              0.0009506
                    161,                0.64056,                0.42065,                0.87088,                0.93097,                0.88372,                0.93012,                0.67363,                0.87254,                 0.5354,                 0.9099,               0.000944,               0.000944,               0.000944
                    162,                0.65904,                0.42462,                0.86177,                0.95074,                0.89787,                0.94972,                0.71016,                0.97847,                0.54404,                0.94684,              0.0009374,              0.0009374,              0.0009374
                    163,                0.65806,                  0.419,                0.86079,                0.97499,                 0.9067,                0.95471,                0.70314,                0.90248,                0.47525,                0.91423,              0.0009308,              0.0009308,              0.0009308
                    164,                0.62596,                0.40712,                0.85891,                0.97499,                0.90655,                0.95396,                0.71269,                0.92738,                0.51784,                0.91445,              0.0009242,              0.0009242,              0.0009242
                    165,                0.63539,                0.41709,                0.85465,                0.97028,                0.88372,                0.95142,                0.71065,                0.89622,                0.50355,                0.90808,              0.0009176,              0.0009176,              0.0009176
                    166,                0.68257,                0.42256,                0.87253,                0.97035,                0.88372,                0.95084,                0.69621,                0.88156,                0.50951,                0.90218,               0.000911,               0.000911,               0.000911
                    167,                0.62672,                0.40984,                0.88715,                0.96896,                0.88372,                0.94542,                0.68553,                0.80499,                0.51697,                0.88804,              0.0009044,              0.0009044,              0.0009044
                    168,                0.62356,                0.41823,                0.84169,                0.91946,                0.86047,                 0.9339,                0.68522,                0.87843,                0.58193,                0.90158,              0.0008978,              0.0008978,              0.0008978
                    169,                0.66082,                0.42249,                0.84482,                0.93959,                0.83721,                0.93148,                0.69363,                0.80702,                0.55257,                0.88367,              0.0008912,              0.0008912,              0.0008912
                    170,                 0.6459,                0.42031,                0.87841,                0.92616,                0.87523,                 0.9428,                0.70788,                0.80285,                0.54401,                0.89144,              0.0008846,              0.0008846,              0.0008846
                    171,                0.63007,                0.39803,                0.86254,                0.94886,                0.90698,                0.94726,                0.69272,                 0.8622,                0.50941,                0.91626,               0.000878,               0.000878,               0.000878
                    172,                0.64847,                 0.4104,                 0.8522,                0.92537,                0.90698,                0.94752,                 0.7207,                0.84956,                0.52414,                0.91117,              0.0008714,              0.0008714,              0.0008714
                    173,                0.62025,                0.40796,                0.85344,                0.90107,                0.95349,                0.95175,                0.70684,                0.81441,                0.52694,                0.90594,              0.0008648,              0.0008648,              0.0008648
                    174,                0.62677,                0.40748,                0.85299,                0.94532,                0.93023,                 0.9535,                0.70287,                0.79762,                0.49065,                0.89097,              0.0008582,              0.0008582,              0.0008582
                    175,                 0.6469,                0.42491,                0.85216,                0.95815,                0.90698,                0.95179,                0.70278,                0.85935,                0.52201,                0.91624,              0.0008516,              0.0008516,              0.0008516
                    176,                0.66311,                0.41595,                0.84867,                0.94679,                0.90698,                0.94672,                0.70689,                0.80525,                0.49433,                 0.8924,               0.000845,               0.000845,               0.000845
                    177,                 0.5876,                0.41329,                0.86361,                0.90902,                0.95349,                 0.9529,                0.71357,                0.80355,                0.46783,                0.89324,              0.0008384,              0.0008384,              0.0008384
                    178,                0.61511,                0.41799,                0.85334,                0.92706,                0.90698,                0.95424,                0.67794,                0.83042,                0.43934,                0.91659,              0.0008318,              0.0008318,              0.0008318
                    179,                0.61531,                 0.4046,                0.85055,                0.94537,                0.90698,                0.94811,                0.67464,                0.85173,                0.49446,                0.90413,              0.0008252,              0.0008252,              0.0008252
                    180,                0.64471,                0.40891,                0.86643,                0.92763,                0.90698,                0.94292,                0.65278,                0.86682,                0.51263,                 0.8967,              0.0008186,              0.0008186,              0.0008186
                    181,                0.61872,                0.40383,                0.85858,                0.92577,                0.90698,                 0.9404,                0.67684,                0.81463,                0.53646,                0.87916,               0.000812,               0.000812,               0.000812
                    182,                0.64196,                0.40895,                0.85604,                0.93818,                0.86047,                0.93682,                0.70546,                0.80756,                0.52486,                0.88114,              0.0008054,              0.0008054,              0.0008054
                    183,                0.64701,                0.40907,                0.85412,                0.92259,                0.88372,                0.93905,                0.69877,                0.89818,                0.57267,                0.90588,              0.0007988,              0.0007988,              0.0007988
                    184,                0.59997,                0.39336,                0.84492,                0.95118,                0.90622,                0.94293,                0.70032,                0.84771,                0.51401,                0.89063,              0.0007922,              0.0007922,              0.0007922
                    185,                0.63174,                0.40478,                0.85827,                0.94558,                0.90698,                0.93816,                0.67692,                0.86906,                0.48007,                0.89586,              0.0007856,              0.0007856,              0.0007856
                    186,                 0.5798,                0.37627,                0.86203,                0.94738,                0.88372,                0.94272,                0.70109,                0.81843,                0.44483,                0.88862,               0.000779,               0.000779,               0.000779
                    187,                0.59375,                0.40212,                0.86163,                 0.9089,                0.92814,                0.94608,                0.68927,                0.82702,                0.54625,                0.89229,              0.0007724,              0.0007724,              0.0007724
                    188,                0.61739,                0.40077,                 0.8468,                0.90369,                0.86047,                0.93937,                0.65869,                0.85452,                0.55979,                0.89859,              0.0007658,              0.0007658,              0.0007658
                    189,                0.62046,                0.39347,                0.84937,                 0.9159,                0.90698,                0.93243,                0.66655,                0.88358,                0.58575,                0.91707,              0.0007592,              0.0007592,              0.0007592
                    190,                0.60199,                0.38517,                0.84767,                0.93519,                0.86047,                0.93378,                0.68571,                0.85885,                0.52633,                0.90412,              0.0007526,              0.0007526,              0.0007526
                    191,                0.59885,                0.38937,                0.86757,                0.94977,                 0.8795,                0.93973,                0.70149,                0.90863,                0.52862,                0.92081,               0.000746,               0.000746,               0.000746
                    192,                0.57988,                0.38131,                0.85715,                 0.9466,                0.88372,                 0.9439,                0.70538,                0.86246,                0.48879,                0.90815,              0.0007394,              0.0007394,              0.0007394
                    193,                0.58226,                0.39283,                0.85573,                0.97175,                0.90698,                0.95154,                0.68838,                0.89244,                0.48134,                0.91537,              0.0007328,              0.0007328,              0.0007328
                    194,                0.57874,                0.38499,                0.85316,                0.94797,                0.90698,                0.92288,                0.69565,                0.88819,                0.44836,                0.90063,              0.0007262,              0.0007262,              0.0007262
                    195,                0.56444,                0.37817,                0.82372,                0.94782,                0.90698,                0.92467,                0.67741,                0.91043,                0.46691,                0.91089,              0.0007196,              0.0007196,              0.0007196
                    196,                0.56448,                0.36687,                0.85115,                 0.9509,                0.90095,                0.94585,                 0.6865,                0.94579,                0.49756,                0.93213,               0.000713,               0.000713,               0.000713
                    197,                 0.5873,                0.37951,                0.85019,                0.97388,                0.88372,                0.95337,                0.70093,                0.87499,                0.48462,                0.90863,              0.0007064,              0.0007064,              0.0007064
                    198,                0.57714,                0.37833,                 0.8413,                0.96729,                0.88372,                0.95348,                 0.7034,                0.92208,                0.49657,                0.92618,              0.0006998,              0.0006998,              0.0006998
                    199,                0.59064,                0.38629,                0.84409,                0.94715,                0.88372,                0.94752,                0.69497,                0.88284,                0.47965,                0.90522,              0.0006932,              0.0006932,              0.0006932
                    200,                0.58354,                0.38595,                0.83214,                0.90394,                0.93023,                0.95264,                0.69006,                0.92964,                0.49103,                0.90772,              0.0006866,              0.0006866,              0.0006866
                    201,                0.56217,                0.37764,                0.85374,                 0.9106,                0.94755,                0.95495,                0.69662,                0.97339,                0.47939,                 0.9314,                0.00068,                0.00068,                0.00068
                    202,                0.54473,                0.44075,                0.85853,                0.94502,                0.90698,                0.95441,                0.70761,                0.95159,                 0.4939,                0.92835,              0.0006734,              0.0006734,              0.0006734
                    203,                0.54861,                0.35762,                0.84424,                0.94441,                0.88372,                0.95208,                0.68753,                 0.9749,                0.48298,                0.93442,              0.0006668,              0.0006668,              0.0006668
                    204,                0.62362,                0.40764,                 0.8676,                0.94192,                0.88372,                0.94497,                0.69558,                0.93116,                0.46484,                0.92675,              0.0006602,              0.0006602,              0.0006602
                    205,                0.57841,                0.38773,                0.85227,                0.94637,                0.86047,                0.94076,                0.69824,                0.93573,                0.51951,                0.93533,              0.0006536,              0.0006536,              0.0006536
                    206,                0.58197,                0.38905,                0.86043,                0.94302,                0.83721,                0.93069,                0.68532,                0.93219,                0.51427,                0.92153,               0.000647,               0.000647,               0.000647
                    207,                0.61316,                0.39162,                0.84318,                0.94858,                0.85815,                0.94232,                0.70491,                0.87952,                0.46148,                0.90928,              0.0006404,              0.0006404,              0.0006404
                    208,                0.53988,                0.37595,                0.82527,                0.94205,                0.86047,                0.95257,                0.70418,                0.90049,                0.46332,                0.90539,              0.0006338,              0.0006338,              0.0006338
                    209,                0.59582,                0.40108,                0.83687,                 0.9473,                0.88372,                0.95454,                0.70056,                0.96084,                0.50889,                0.92433,              0.0006272,              0.0006272,              0.0006272
                    210,                0.52573,                0.35136,                0.82674,                 0.9468,                0.88372,                0.94729,                0.69852,                0.93031,                0.50669,                0.91586,              0.0006206,              0.0006206,              0.0006206
                    211,                0.53213,                 0.3613,                 0.8431,                0.95115,                0.90563,                0.94628,                0.71534,                0.83439,                0.45295,                0.90574,               0.000614,               0.000614,               0.000614
                    212,                0.60368,                0.38867,                0.85626,                0.95102,                 0.9031,                0.94681,                 0.7216,                0.80213,                0.44142,                0.89017,              0.0006074,              0.0006074,              0.0006074
                    213,                0.57063,                0.40613,                0.86198,                0.94985,                0.88094,                0.94802,                0.71883,                0.79066,                 0.4395,                0.88385,              0.0006008,              0.0006008,              0.0006008
                    214,                0.53555,                0.35993,                  0.837,                 0.9005,                0.93023,                0.95039,                0.70908,                0.90597,                0.51043,                0.90886,              0.0005942,              0.0005942,              0.0005942
                    215,                0.55361,                0.36084,                0.85034,                0.90842,                0.92282,                0.94989,                0.71679,                0.89952,                0.49433,                 0.9008,              0.0005876,              0.0005876,              0.0005876
                    216,                0.53738,                 0.3675,                0.84773,                0.92957,                0.92094,                 0.9458,                0.70936,                0.90262,                0.48916,                 0.8988,               0.000581,               0.000581,               0.000581
                    217,                0.54587,                0.36149,                0.84231,                0.95098,                0.90246,                0.95214,                0.71884,                0.85809,                0.46054,                0.88827,              0.0005744,              0.0005744,              0.0005744
                    218,                 0.5436,                0.35852,                0.83757,                0.95105,                0.90382,                0.95235,                 0.7118,                0.89478,                0.51312,                0.90088,              0.0005678,              0.0005678,              0.0005678
                    219,                0.56147,                0.36091,                0.84544,                0.94864,                0.90698,                0.94801,                0.72771,                0.90425,                0.50758,                   0.91,              0.0005612,              0.0005612,              0.0005612
                    220,                0.51822,                0.34617,                0.83678,                0.92631,                0.90698,                0.93565,                0.69971,                0.89692,                0.51694,                0.90974,              0.0005546,              0.0005546,              0.0005546
                    221,                0.55998,                0.38629,                0.84327,                0.92501,                0.90698,                0.93448,                0.69721,                0.83905,                0.48813,                0.88736,               0.000548,               0.000548,               0.000548
                    222,                0.54696,                0.35408,                0.84255,                0.97497,                0.90598,                0.95129,                0.71129,                0.79778,                0.43716,                0.87811,              0.0005414,              0.0005414,              0.0005414
                    223,                0.55175,                  0.363,                0.83951,                0.92319,                0.88372,                0.94606,                0.72211,                0.87915,                0.46694,                0.90113,              0.0005348,              0.0005348,              0.0005348
                    224,                0.55372,                0.36301,                0.82409,                0.92585,                0.87125,                0.95075,                0.71304,                0.90488,                0.48749,                0.92569,              0.0005282,              0.0005282,              0.0005282
                    225,                 0.5247,                0.35453,                0.83994,                0.94689,                0.88372,                0.96034,                0.72739,                0.85977,                0.45501,                0.91509,              0.0005216,              0.0005216,              0.0005216
                    226,                0.55456,                0.35731,                0.84362,                0.92318,                0.88372,                0.95081,                0.72323,                0.83178,                0.45528,                0.89087,               0.000515,               0.000515,               0.000515
                    227,                 0.5112,                0.34497,                0.82784,                0.87303,                0.93023,                0.95378,                0.71147,                0.84761,                0.46549,                0.88813,              0.0005084,              0.0005084,              0.0005084
                    228,                0.52924,                 0.3422,                0.83431,                0.90861,                0.92493,                0.94683,                0.71351,                0.89855,                0.51943,                0.90633,              0.0005018,              0.0005018,              0.0005018
                    229,                0.47997,                0.32639,                0.82629,                0.92798,                0.89912,                0.94845,                0.70283,                0.94531,                0.55027,                0.93212,              0.0004952,              0.0004952,              0.0004952
                    230,                0.50155,                0.34897,                0.84068,                0.92199,                0.90698,                0.94866,                0.71424,                0.92387,                0.54928,                0.91878,              0.0004886,              0.0004886,              0.0004886
                    231,                0.53097,                0.36042,                0.83246,                0.90893,                0.92845,                0.95502,                0.72764,                0.88257,                0.47044,                0.90141,               0.000482,               0.000482,               0.000482
                    232,                0.49945,                0.34159,                0.83846,                0.92395,                0.90698,                0.95142,                0.70849,                0.89171,                0.49283,                0.90765,              0.0004754,              0.0004754,              0.0004754
                    233,                0.52834,                 0.3496,                0.84291,                0.94706,                0.90698,                0.95312,                0.71671,                0.88038,                0.47345,                0.89497,              0.0004688,              0.0004688,              0.0004688
                    234,                0.49165,                0.33752,                0.83461,                0.93924,                0.90698,                0.95049,                0.71631,                0.85512,                0.44403,                0.88599,              0.0004622,              0.0004622,              0.0004622
                    235,                 0.4948,                0.34012,                0.83224,                0.94576,                0.88372,                0.95393,                0.73009,                0.89977,                0.45312,                 0.8985,              0.0004556,              0.0004556,              0.0004556
                    236,                0.50297,                0.33545,                0.83623,                0.92855,                0.90665,                0.95698,                0.72763,                0.86433,                0.45175,                0.89426,               0.000449,               0.000449,               0.000449
                    237,                 0.5045,                 0.3362,                0.82826,                0.94317,                0.90698,                0.95929,                0.70927,                0.90167,                0.44579,                0.91367,              0.0004424,              0.0004424,              0.0004424
                    238,                0.50851,                0.36589,                0.83822,                0.93415,                0.90698,                0.95708,                0.72371,                 0.8493,                0.45029,                0.89829,              0.0004358,              0.0004358,              0.0004358
                    239,                0.52921,                0.35361,                0.82708,                0.92812,                  0.901,                0.95553,                0.72739,                0.85092,                0.46741,                0.89738,              0.0004292,              0.0004292,              0.0004292
                    240,                0.50986,                0.33144,                0.82714,                0.88796,                 0.9217,                0.94285,                0.72164,                0.82741,                0.46547,                  0.894,              0.0004226,              0.0004226,              0.0004226
                    241,                0.51771,                0.34707,                0.82618,                0.94856,                0.85766,                0.94398,                0.73578,                0.81748,                0.49771,                0.88794,               0.000416,               0.000416,               0.000416
                    242,                0.50168,                0.33286,                0.82513,                0.94851,                0.85695,                0.94853,                0.73254,                0.80496,                0.47056,                0.88608,              0.0004094,              0.0004094,              0.0004094
                    243,                0.49299,                0.32999,                0.84216,                0.94707,                0.86047,                0.94949,                0.73941,                0.77525,                0.47403,                0.87556,              0.0004028,              0.0004028,              0.0004028
                    244,                0.50974,                0.34423,                0.84048,                0.90415,                0.87764,                 0.9476,                0.73576,                0.79531,                0.46888,                0.87751,              0.0003962,              0.0003962,              0.0003962
                    245,                0.48956,                0.33019,                0.82837,                0.89905,                0.90698,                0.94783,                0.72932,                0.80154,                0.45024,                0.88206,              0.0003896,              0.0003896,              0.0003896
                    246,                 0.4788,                 0.3194,                0.81318,                0.90813,                0.91963,                0.95355,                0.73039,                0.86787,                0.46564,                0.89119,               0.000383,               0.000383,               0.000383
                    247,                0.45751,                0.31583,                0.81895,                0.93004,                0.92753,                0.95577,                0.72912,                0.83642,                0.44171,                0.88749,              0.0003764,              0.0003764,              0.0003764
                    248,                0.46415,                0.32726,                0.83365,                0.92981,                0.92437,                0.95411,                0.73021,                0.80493,                0.44134,                0.88653,              0.0003698,              0.0003698,              0.0003698
                    249,                0.48544,                0.31948,                0.82355,                0.92983,                 0.9246,                0.95189,                0.73738,                0.83758,                0.45375,                0.89057,              0.0003632,              0.0003632,              0.0003632
                    250,                0.48404,                0.33965,                0.83067,                0.94717,                0.83394,                 0.9471,                0.70945,                0.80863,                 0.4501,                 0.8864,              0.0003566,              0.0003566,              0.0003566
                    251,                0.48802,                0.33661,                0.82678,                0.86633,                0.90443,                0.94407,                0.71184,                0.79714,                0.46043,                0.88742,                0.00035,                0.00035,                0.00035
                    252,                0.49142,                0.33675,                0.83468,                0.85029,                0.92465,                0.94563,                0.70877,                0.80115,                0.45145,                0.88976,              0.0003434,              0.0003434,              0.0003434
                    253,                0.49358,                0.34737,                0.83054,                0.90408,                0.87685,                0.94627,                0.70564,                0.83423,                0.47875,                0.89439,              0.0003368,              0.0003368,              0.0003368
                    254,                0.49414,                 0.3215,                0.82543,                0.84955,                0.90698,                0.94652,                 0.7106,                0.89504,                0.50056,                 0.9033,              0.0003302,              0.0003302,              0.0003302
                    255,                0.46422,                0.31908,                0.82172,                0.97283,                0.83291,                0.94714,                0.71499,                0.88044,                0.49806,                  0.899,              0.0003236,              0.0003236,              0.0003236
                    256,                0.48606,                0.32144,                0.84195,                0.97125,                0.83721,                0.94761,                 0.7365,                0.81673,                0.46665,                0.88549,               0.000317,               0.000317,               0.000317
                    257,                0.50538,                0.33461,                0.83496,                0.96582,                0.83721,                0.94642,                0.71875,                 0.8294,                0.48309,                0.88684,              0.0003104,              0.0003104,              0.0003104
                    258,                 0.4945,                0.33394,                0.82404,                0.96572,                0.83721,                0.94696,                0.72424,                0.84228,                0.50058,                0.88873,              0.0003038,              0.0003038,              0.0003038
                    259,                  0.522,                0.33595,                 0.8372,                0.95679,                0.83721,                0.95413,                0.72867,                 0.8576,                 0.4902,                0.89776,              0.0002972,              0.0002972,              0.0002972
                    260,                0.48737,                0.32247,                0.82806,                0.95871,                0.83721,                0.95308,                0.71909,                0.85546,                0.45169,                 0.8945,              0.0002906,              0.0002906,              0.0002906
                    261,                 0.4903,                0.32505,                0.82456,                0.94725,                0.83721,                0.95289,                0.72482,                0.86453,                0.45253,                0.89799,               0.000284,               0.000284,               0.000284
                    262,                0.47962,                0.31929,                0.81549,                0.97266,                0.82736,                0.94509,                0.71016,                0.84382,                0.45808,                0.89258,              0.0002774,              0.0002774,              0.0002774
                    263,                0.44769,                0.31644,                0.83065,                0.97291,                0.83514,                 0.9402,                0.70183,                0.83527,                0.46367,                0.88723,              0.0002708,              0.0002708,              0.0002708
                    264,                0.45882,                0.32991,                0.83304,                 0.8999,                0.90698,                0.93224,                0.70931,                0.81659,                0.46064,                0.88709,              0.0002642,              0.0002642,              0.0002642
                    265,                 0.5117,                0.33534,                 0.8233,                0.90123,                0.90698,                 0.9402,                0.72431,                0.78506,                0.44943,                0.88309,              0.0002576,              0.0002576,              0.0002576
                    266,                0.49056,                0.31926,                0.83317,                0.90779,                0.93023,                0.94472,                0.73703,                0.78509,                0.43397,                0.88302,               0.000251,               0.000251,               0.000251
                    267,                   0.46,                0.31476,                0.83589,                0.88376,                0.93023,                0.94944,                0.73117,                0.80564,                0.43605,                0.88651,              0.0002444,              0.0002444,              0.0002444
                    268,                 0.4586,                0.30815,                0.82512,                0.88847,                0.92642,                0.95095,                 0.7303,                0.79625,                0.44814,                0.88153,              0.0002378,              0.0002378,              0.0002378
                    269,                0.45534,                0.30738,                0.81937,                0.88722,                0.93023,                0.94893,                0.73361,                0.79116,                0.45188,                0.88093,              0.0002312,              0.0002312,              0.0002312
                    270,                0.46999,                0.31713,                0.82411,                0.88696,                0.93023,                0.94746,                0.72638,                0.79847,                0.44196,                0.88536,              0.0002246,              0.0002246,              0.0002246
                    271,                0.43779,                0.30372,                0.82328,                0.88795,                0.92154,                0.94668,                0.73043,                 0.8366,                0.46064,                 0.8918,               0.000218,               0.000218,               0.000218
                    272,                0.44588,                0.30736,                0.82959,                0.88853,                0.92695,                0.94208,                 0.7214,                0.82475,                0.44909,                0.88817,              0.0002114,              0.0002114,              0.0002114
                    273,                0.47193,                0.32734,                0.82952,                0.87486,                0.93023,                0.94262,                 0.7373,                0.80158,                0.44818,                0.88395,              0.0002048,              0.0002048,              0.0002048
                    274,                 0.4388,                0.30832,                0.83094,                 0.8634,                0.93023,                0.94258,                0.73969,                0.81316,                0.44362,                0.88731,              0.0001982,              0.0001982,              0.0001982
                    275,                0.41079,                0.30297,                0.81753,                0.94606,                0.81589,                0.93951,                0.73372,                0.84177,                 0.4436,                 0.8913,              0.0001916,              0.0001916,              0.0001916
                    276,                0.46358,                0.32173,                0.81208,                0.94608,                0.81615,                0.94083,                0.72566,                0.82874,                0.43956,                0.88546,               0.000185,               0.000185,               0.000185
                    277,                0.46094,                0.31099,                0.81752,                0.94606,                0.81583,                0.93989,                0.72189,                0.82957,                0.44194,                0.88627,              0.0001784,              0.0001784,              0.0001784
                    278,                0.46969,                 0.3202,                0.82361,                0.97008,                0.81395,                0.93598,                0.71304,                0.83985,                0.45578,                0.88944,              0.0001718,              0.0001718,              0.0001718
                    279,                0.46536,                0.32152,                0.82576,                0.97238,                0.81897,                0.93586,                0.71546,                0.80801,                0.46263,                0.88467,              0.0001652,              0.0001652,              0.0001652
                    280,                0.45433,                0.30355,                0.82216,                0.97281,                0.83217,                 0.9308,                0.72113,                0.80591,                0.46743,                 0.8823,              0.0001586,              0.0001586,              0.0001586
                    281,                 0.4504,                0.30115,                0.82212,                0.94675,                0.83721,                0.93251,                0.72978,                 0.8158,                0.47438,                0.88526,               0.000152,               0.000152,               0.000152
                    282,                0.49072,                0.31182,                0.82568,                0.95511,                0.81395,                0.93592,                0.73107,                0.81776,                0.45816,                 0.8876,              0.0001454,              0.0001454,              0.0001454
                    283,                 0.4334,                0.30385,                0.81863,                0.96309,                0.81395,                0.93583,                0.72475,                0.81572,                0.45324,                 0.8856,              0.0001388,              0.0001388,              0.0001388
                    284,                 0.4467,                 0.3066,                0.82013,                0.94616,                0.81743,                0.93601,                0.73468,                0.83986,                0.45773,                0.88932,              0.0001322,              0.0001322,              0.0001322
                    285,                0.42262,                0.30695,                 0.8241,                0.94605,                0.81559,                0.94079,                0.73752,                0.84646,                0.45764,                0.88934,              0.0001256,              0.0001256,              0.0001256
                    286,                0.42782,                0.29903,                0.83024,                0.97651,                0.81395,                0.94354,                0.72084,                0.83391,                0.44012,                0.88979,               0.000119,               0.000119,               0.000119
                    287,                0.42136,                0.28009,                0.83139,                0.97495,                0.81395,                0.94448,                0.72164,                0.83335,                0.44625,                0.89042,              0.0001124,              0.0001124,              0.0001124
                    288,                0.43159,                0.29134,                0.81315,                0.93873,                0.83721,                0.94606,                0.72286,                0.82381,                0.43858,                0.88914,              0.0001058,              0.0001058,              0.0001058
                    289,                0.41412,                0.29105,                0.81725,                0.90411,                0.87722,                0.94693,                0.72533,                0.81747,                0.44051,                0.88843,               9.92e-05,               9.92e-05,               9.92e-05
                    290,                0.43969,                0.29904,                 0.8265,                 0.9009,                0.88372,                0.94619,                0.73025,                0.81142,                0.44993,                0.88768,               9.26e-05,               9.26e-05,               9.26e-05
                    291,                0.44634,                0.29934,                 0.7922,                0.91271,                0.86047,                0.94209,                0.74123,                0.81907,                0.47254,                0.88874,                8.6e-05,                8.6e-05,                8.6e-05
                    292,                0.44724,                0.29674,                0.78516,                0.88574,                0.90698,                0.94246,                0.73316,                0.82724,                0.48411,                0.89351,               7.94e-05,               7.94e-05,               7.94e-05
                    293,                0.42384,                0.31467,                0.79072,                 0.8856,                0.90026,                0.94095,                 0.7307,                0.81971,                0.49662,                0.89497,               7.28e-05,               7.28e-05,               7.28e-05
                    294,                0.40581,                0.27969,                0.79063,                0.90345,                0.88372,                0.95057,                0.73082,                0.81605,                 0.4865,                0.89325,               6.62e-05,               6.62e-05,               6.62e-05
                    295,                0.42591,                0.28736,                0.80763,                0.88353,                0.88213,                0.94308,                0.73868,                0.81923,                0.48348,                0.89099,               5.96e-05,               5.96e-05,               5.96e-05
                    296,                0.42151,                0.26836,                0.81626,                0.88345,                0.88147,                0.94305,                0.73765,                0.81633,                0.49419,                0.88849,                5.3e-05,                5.3e-05,                5.3e-05
                    297,                0.42971,                0.28015,                0.78812,                0.92397,                0.84798,                0.94417,                0.73884,                0.80874,                0.48526,                 0.8877,               4.64e-05,               4.64e-05,               4.64e-05
                    298,                 0.4424,                0.28541,                0.80967,                0.94638,                0.82111,                 0.9439,                0.73172,                0.80049,                0.48539,                0.88737,               3.98e-05,               3.98e-05,               3.98e-05
                    299,                0.42449,                 0.2749,                0.80839,                0.92337,                0.84077,                 0.9459,                0.73289,                0.80584,                0.48335,                0.88735,               3.32e-05,               3.32e-05,               3.32e-05
                    300,                0.39993,                0.27393,                0.79495,                0.88372,                0.88369,                0.94548,                0.73394,                0.80614,                0.47944,                0.88652,               2.66e-05,               2.66e-05,               2.66e-05
